Company Name,Website,City,Segment,What they make,Revenue Band,Decision-maker,E1 Producer,Evidence E1,E2 Accessible,Evidence E2,C3,Evidence C3,C4,Evidence C4,C5,Evidence C5,C6,Evidence C6,C7,Evidence C7,C8,Evidence C8,Federer Score,Band,Overall Verdict,Personalization Hook
Ananth Technologies,ananthtech.com,Hyderabad,Precision Engineering,"Electronics and mechanical subsystems for ISRO/DRDO launch vehicles, satellites and spacecraft; AIT services",100-500 Cr,"Anurup Pavuluri (CEO); Dr. Subba Rao Pavuluri (Founder)",PASS,"ISRO-certified cleanroom manufacturing and aerospace subsystem fabrication",PASS,"Hyderabad HQ and integrated facilities",Strong,"ISRO-qualified aerospace subsystems",Strong,"Founder ex-ISRO scientist and gen-2 leadership",Strong,"IN-SPACe and defence tailwinds",Strong,"51% CAGR and ~₹900 Cr order book",Strong,"AS9100C-class processes and multiple facilities",Strong,"Gen-2 CEO formally appointed",100,A,Strong Fit,"First private company authorized for GSO satellite operations under IN-SPACe"
MTAR Technologies,mtar.in,Hyderabad,Precision Engineering,"Precision-machined components for fuel cells, nuclear, defence and space",>500 Cr,"Parvat Srinivas Reddy (MD)",PASS,"Seven manufacturing facilities in Hyderabad",PASS,"Listed company with active investor relations",Strong,"5–10 micron tolerance engineering",Strong,"Long-term partnerships with Bloom Energy and ISRO",Strong,"Hydrogen and defence sector tailwinds",Strong,"₹6000+ Cr order visibility and capacity expansion",Strong,"Structured manufacturing and listed-company governance",Moderate,"Professional leadership depth evident; succession needs verification",88,A,Strong Fit,"Expanding capacity significantly while deepening partnerships with global OEMs"
Azad Engineering,azad.in,Hyderabad,Precision Engineering,"Highly engineered rotating components for aerospace, defence, energy and nuclear sectors",>500 Cr,"Rakesh Chopdar (Founder and CMD)",PASS,"Own precision manufacturing facilities",PASS,"Hyderabad operations and public disclosures",Strong,"NADCAP and global OEM qualifications",Strong,"Founder-led precision engineering company",Strong,"China+1 and aerospace tailwinds",Strong,"₹6000+ Cr order book and 10x expansion",Strong,"Zero-defect systems and global certifications",Moderate,"Leadership succession needs verification",88,A,Strong Fit,"GE Vernova leadership visited Azad's new Hyderabad facility during expansion"
Zen Technologies,zentechnologies.com,Hyderabad,Industrial Sensors & Instrumentation,"Combat simulators, anti-drone systems and military training solutions",500-1000 Cr,"Ashok Atluri (Founder/CMD)",PASS,"Defence electronics manufacturer with 210 patents",PASS,"Listed company with offices in multiple countries",Strong,"IP-led defence simulation products",Strong,"Founder-driven defence technology company",Strong,"Make in India and defence spending tailwinds",Strong,"Highest-ever FY25 revenue and recent acquisitions",Strong,"Institutional reporting and structured growth",Strong,"Professional leadership expansion through acquisitions",80,A,Strong Fit,"Won ₹108 Cr MoD simulator contract and expanded through acquisitions in 2025"
Medha Servo Drives,medha.com,Hyderabad,Industrial Sensors & Instrumentation,"Rail traction systems, signalling equipment, TCMS and EV powertrains",>500 Cr,"Y. Yugandhar Reddy (MD)",PASS,"IRIS-certified manufacturer for railway electronics",PASS,"Extensive public product and project information available",Strong,"Safety-critical railway electronics",Strong,"Experienced promoter-led management",Strong,"Railway modernisation and export tailwinds",Strong,"50-country footprint and expanding segments",Strong,"Large-scale engineering systems and certifications",Moderate,"Succession planning not fully visible",70,B,Fit,"Expanded into naval systems through a GRSE partnership"
Laurus Bio,laurus.bio,Hyderabad,Specialty Diagnostics & Life Science Tools,"Precision fermentation, recombinant proteins and biomanufacturing services",100-500 Cr,"Dr. Satyanarayana Chava",PASS,"cGMP-certified biomanufacturing capabilities",PASS,"Public information available through Laurus ecosystem",Strong,"Fermentation and recombinant protein expertise",Strong,"Scientist-led biotech ecosystem",Strong,"Alternative proteins and biologics tailwinds",Moderate,"Recent investments and capacity growth",Strong,"Quality certifications and structured manufacturing",Moderate,"Leadership depth needs verification",72,B,Fit,"Received investment support to scale precision fermentation capabilities"
Biological E,biologicale.com,Hyderabad,Specialty Diagnostics & Life Science Tools,"Vaccines, biologics and injectable products",>500 Cr,"Mahima Datla (Managing Director)",PASS,"Multiple vaccine manufacturing facilities",PASS,"Hyderabad-based operations",Strong,"Long history in vaccine innovation",Strong,"Second-generation leadership",Strong,"Vaccine and biologics demand tailwinds",Moderate,"Expansion activity visible",Strong,"WHO-compliant manufacturing systems",Strong,"Clear succession through family leadership",82,A,Strong Fit,"Continues expanding vaccine manufacturing capabilities from Hyderabad"
Bharat Biotech,bharatbiotech.com,Hyderabad,Specialty Diagnostics & Life Science Tools,"Vaccines, biologics and novel immunotherapies",>500 Cr,"Dr. Krishna Ella;Suchitra Ella",PASS,"Integrated vaccine R&D and manufacturing",PASS,"Genome Valley operations accessible",Strong,"Indigenous vaccine development capability",Strong,"Scientist-founder leadership",Strong,"Biotech and vaccine sector tailwinds",Strong,"Ongoing international collaborations",Strong,"Large-scale biomanufacturing systems",Moderate,"Succession details need verification",84,A,Strong Fit,"Known globally for indigenous vaccine innovation"
Virchow Biotech,virchowbiotech.com,Hyderabad,Specialty Diagnostics & Life Science Tools,"Biogenerics, plasma products and recombinant biologics",100-500 Cr,"Needs verification",PASS,"Biologics manufacturing operations",PASS,"Hyderabad-based facilities",Strong,"Biogenerics expertise",Moderate,"Leadership information limited",Moderate,"Biologics demand growing",Moderate,"Pipeline reactivation observed",Moderate,"Operational systems not fully disclosed",Moderate,"Succession information unavailable",58,C,Borderline,"Phase III trial for V-Immune suggests renewed pipeline activity
Sai Life Sciences,sailife.com,Hyderabad,Specialty Diagnostics & Life Science Tools,"Integrated CRDMO services for global pharma innovators",>500 Cr,"Krishnam Raju Kanumuri (MD)",PASS,"USFDA-compliant facilities and listed company",PASS,"Listed with active investor communications",Strong,"170+ products and global pharma relationships",Strong,"Promoter-led company with institutional processes",Strong,"CRDMO sector tailwinds",Strong,"~27% YoY growth and facility expansion",Strong,"Highly structured operations",Strong,"Leadership depth evident post-IPO",85,A,Strong Fit,"Announced doubling of Hyderabad process R&D capacity after its 2024 IPO"
Elico Ltd,elico.co,Hyderabad,Specialty Diagnostics & Life Science Tools,"Analytical instruments, diagnostic equipment and laboratory solutions",100-300 Cr,"P. V. K. Raju (Needs verification)",PASS,"Manufactures analytical instruments and diagnostic products",PASS,"Hyderabad headquarters and manufacturing presence",Strong,"Long-standing analytical instrumentation expertise",Moderate,"Promoter background needs further verification",Moderate,"Diagnostics market growing steadily",Moderate,"Some hiring activity visible",Strong,"ISO-certified manufacturing and QA systems",Moderate,"Succession planning not publicly visible",68,B,Fit,"Elico has over six decades of experience serving laboratories and diagnostics markets"
HBL Power Systems,hbl.in,Hyderabad,Industrial Sensors & Instrumentation,"Industrial batteries, railway electronics, defence batteries and power systems",>500 Cr,"Dr. A. J. Prasad",PASS,"Operates manufacturing facilities for batteries and electronics",PASS,"Publicly listed with Hyderabad operations",Strong,"Specialized defence and railway products",Strong,"Scientist entrepreneur founder",Strong,"Energy storage and defence tailwinds",Strong,"Revenue growth and capacity expansion reported",Strong,"Established manufacturing systems",Moderate,"Succession details need verification",82,A,Strong Fit,"HBL recently expanded its defence electronics and railway signalling portfolio"
Pulse Pharmaceuticals,pulsepharma.net,Hyderabad,Specialty Diagnostics & Life Science Tools,"Pharmaceutical formulations, injectables and specialty medicines",100-500 Cr,"Needs verification",PASS,"Own formulation manufacturing facilities",PASS,"Hyderabad-based operations",Moderate,"Competes in specialty formulations",Moderate,"Leadership details limited",Moderate,"Indian pharma sector remains attractive",Moderate,"Limited public growth disclosures",Moderate,"Manufacturing systems appear established",Moderate,"Succession information unavailable",60,B,Fit,"Pulse Pharma continues to maintain a presence in specialty formulations"
Vimta Labs,vimta.com,Hyderabad,Specialty Diagnostics & Life Science Tools,"Contract testing, diagnostics, food analysis and clinical research services",300-500 Cr,"Dr. S. P. Vasireddi",PASS,"Operates NABL accredited laboratories",PASS,"Listed company with Hyderabad facilities",Strong,"Integrated testing and diagnostics capabilities",Strong,"Founder-led scientific organization",Strong,"Testing and diagnostics demand increasing",Moderate,"Steady business growth observed",Strong,"Highly standardized laboratory systems",Moderate,"Leadership succession needs verification",78,A,Strong Fit,"Vimta has built a diversified testing business spanning healthcare and food sectors"
Transcell Biologics,transcell.co.in,Hyderabad,Specialty Diagnostics & Life Science Tools,"Stem cell preservation, cell banking and regenerative medicine services",30-100 Cr,"Needs verification",PASS,"Provides stem cell banking services",PASS,"Operations based in Hyderabad",Strong,"Focuses on regenerative medicine niche",Moderate,"Limited leadership disclosures",Strong,"Cell therapy sector has long-term tailwinds",Moderate,"Growth information sparse",Moderate,"Operational systems not fully disclosed",Moderate,"Succession information unavailable",65,B,Fit,"Transcell was among the early entrants into stem cell preservation services in India"
Aizant Drug Research Solutions,aizant.com,Hyderabad,Specialty Diagnostics & Life Science Tools,"CRAMS, clinical services, formulation development and regulatory support",300-500 Cr,"Anoop Kumar (Needs verification)",PASS,"Integrated pharma development facilities",PASS,"Hyderabad operations publicly accessible",Strong,"End-to-end pharmaceutical outsourcing services",Strong,"Professional leadership team",Strong,"CRAMS sector growing globally",Moderate,"Expansion initiatives reported",Strong,"USFDA compliant facilities",Moderate,"Succession planning not publicly visible",80,A,Strong Fit,"Aizant serves several global pharmaceutical clients through integrated development services"
Cyient DLM,cyientdlm.com,Hyderabad,Precision Engineering,"Electronic manufacturing services for aerospace, medical and industrial customers",>500 Cr,"Anthony Montalbano (CEO)",PASS,"Operates electronic manufacturing facilities",PASS,"Listed company disclosures available",Strong,"High-reliability electronics manufacturing",Strong,"Professional management team",Strong,"EMS demand growing globally",Strong,"Capacity expansion announced",Strong,"Structured listed-company governance",Strong,"Professional succession depth evident",84,A,Strong Fit,"Cyient DLM continues expanding capabilities in aerospace and medical electronics"
Apollo Micro Systems,apollo-micro.com,Hyderabad,Industrial Sensors & Instrumentation,"Defence electronics, avionics, weapon control systems and communication equipment",300-500 Cr,"Konduru Venkata Subba Rao",PASS,"Manufactures indigenous defence electronics",PASS,"Listed Hyderabad company",Strong,"Focus on indigenous defence technologies",Strong,"Founder-led technology business",Strong,"Indian defence spending tailwinds",Strong,"Order book growth reported",Strong,"Engineering and quality systems established",Moderate,"Succession planning requires verification",85,A,Strong Fit,"Apollo Micro has benefited from increasing emphasis on defence indigenization"
Avantel Ltd,avantel.in,Hyderabad,Industrial Sensors & Instrumentation,"Satellite communication products, SDRs, tracking systems and defence communication equipment",100-300 Cr,"Siddhartha Abburi (Needs verification)",PASS,"Develops and manufactures communication equipment",PASS,"Publicly listed with Hyderabad operations",Strong,"Satellite communication specialization",Moderate,"Leadership information partially available",Strong,"Space and defence tailwinds",Strong,"Recent contract wins reported",Strong,"Structured engineering systems",Moderate,"Succession plans not clearly disclosed",78,A,Strong Fit,"Avantel continues receiving orders linked to satellite communication programmes"
Premier Energies,premierenergies.com,Hyderabad,Precision Engineering,"Solar cells, solar modules and integrated renewable energy products",>500 Cr,"Chiranjeev Saluja",PASS,"Large-scale solar manufacturing facilities",PASS,"Hyderabad headquartered company",Strong,"Integrated solar cell manufacturing capability",Strong,"Second-generation promoter leadership",Strong,"Renewable energy sector expanding rapidly",Strong,"Capacity additions underway",Strong,"Manufacturing systems scaled significantly",Strong,"Family-led succession visible",88,A,Strong Fit,"Premier Energies is expanding domestic solar manufacturing amid India's energy transition"
Hetero Labs,hetero.com,Hyderabad,Specialty Diagnostics & Life Science Tools,"Manufactures APIs, generic medicines, biosimilars and specialty pharmaceutical products",>500 Cr,"Dr. B. Parthasaradhi Reddy (Chairman)",PASS,"Operates multiple API and formulation manufacturing facilities in Hyderabad",PASS,"Corporate headquarters and major facilities are located in Hyderabad",Strong,"Large-scale API manufacturing and biosimilar capabilities",Strong,"Founder-led pharmaceutical company with significant industry experience",Strong,"Indian generics and biosimilars market continues to grow",Strong,"Recent investments and expansion activities have been reported",Strong,"USFDA-approved facilities and structured quality systems",Moderate,"Leadership succession plans are not fully disclosed publicly",88,A,Strong Fit,"Hetero continues expanding its biosimilar and specialty pharmaceutical capabilities globally"
Natco Pharma,natcopharma.co.in,Hyderabad,Specialty Diagnostics & Life Science Tools,"Develops and manufactures specialty pharmaceuticals, oncology drugs and APIs",>500 Cr,"V. C. Nannapaneni (Chairman & MD)",PASS,"Owns API and formulation manufacturing plants",PASS,"Headquartered in Hyderabad with multiple production sites",Strong,"Strong oncology portfolio and complex generics expertise",Strong,"Promoter-led company with long-term pharmaceutical experience",Strong,"Specialty pharma and oncology segments have favorable tailwinds",Strong,"International expansion and product launches indicate growth",Strong,"USFDA-compliant facilities and mature systems",Moderate,"Succession planning requires further verification",90,A,Strong Fit,"Natco remains well known for its specialty oncology portfolio and global generic launches"
Granules India,granulesindia.com,Hyderabad,Specialty Diagnostics & Life Science Tools,"Manufactures APIs, pharmaceutical intermediates and finished dosage formulations",>500 Cr,"Dr. Krishna Prasad Chigurupati (Chairman & MD)",PASS,"Integrated pharmaceutical manufacturing operations in Hyderabad",PASS,"Corporate headquarters and manufacturing presence in Hyderabad",Strong,"Backward-integrated pharmaceutical manufacturing model",Strong,"Scientist entrepreneur with decades of experience",Strong,"Global demand for cost-efficient generics supports growth",Strong,"Capacity expansion and international presence indicate growth",Strong,"Established ERP systems and regulated manufacturing operations",Moderate,"Leadership transition details need verification",89,A,Strong Fit,"Granules has continued investing in vertically integrated pharmaceutical operations"
Optimus Pharma,optimuspharma.com,Hyderabad,Specialty Diagnostics & Life Science Tools,"Produces active pharmaceutical ingredients, formulations and specialty pharmaceutical products",100-500 Cr,"Needs verification",PASS,"Operates API manufacturing facilities in Hyderabad",PASS,"Hyderabad-based manufacturing and business operations",Moderate,"API manufacturing capability in niche therapeutic segments",Moderate,"Limited publicly available information on leadership",Moderate,"Pharmaceutical API market remains attractive",Moderate,"Expansion activities appear limited in public sources",Moderate,"Systems maturity needs further validation",Moderate,"Succession planning information unavailable",65,B,Fit,"Optimus Pharma appears to be strengthening its API manufacturing footprint"
Gland Pharma,glandpharma.com,Hyderabad,Specialty Diagnostics & Life Science Tools,"Manufactures sterile injectables, oncology products and contract manufacturing services",>500 Cr,"Srinivas Sadu (MD & CEO)",PASS,"Operates large-scale sterile injectable manufacturing facilities",PASS,"Hyderabad headquarters and multiple production plants",Strong,"Strong injectable portfolio with global regulatory approvals",Strong,"Professional management team with pharmaceutical expertise",Strong,"Injectables and CDMO markets continue growing globally",Strong,"International acquisitions and expansion activities reported",Strong,"USFDA-approved facilities and highly structured manufacturing systems",Moderate,"Succession planning is not extensively disclosed",92,A,Strong Fit,"Gland Pharma continues expanding its sterile injectables business through global partnerships"